Series Name,Series Code,Country Name,Country Code,1990 [YR1990],2000 [YR2000],2015 [YR2015],2016 [YR2016],2017 [YR2017],2018 [YR2018],2019 [YR2019],2020 [YR2020],2021 [YR2021],2022 [YR2022],2023 [YR2023],2024 [YR2024]
GDP (constant 2015 US$),NY.GDP.MKTP.KD,Afghanistan,AFG,..,6206547590.07403,19134221644.7325,19566715174.1633,20084646751.4954,20323499020.3639,21118473702.3471,20621957125.2077,16345202562.5485,15325233810.1388,15672648238.1005,..
GDP (constant 2015 US$),NY.GDP.MKTP.KD,Albania,ALB,5530859374.75169,6153077235.62289,11470171826.9575,11918533446.9749,12309839868.7084,12761785703.1071,13025007474.8895,12593390460.142,13722964212.462,14385344334.623,14962975920.9066,15568367220.7999
GDP (constant 2015 US$),NY.GDP.MKTP.KD,Algeria,DZA,91497228539.1792,109811551032.426,187493855609.345,194806115978.439,197728207716.082,200496402625.853,202300870247.92,192185826737.373,199488888151.485,206670488126.832,215143978140.155,223104305329.361
GDP (constant 2015 US$),NY.GDP.MKTP.KD,American Samoa,ASM,..,..,673000000,661697709.923664,615461068.70229,631900763.358779,628818320.610687,656560305.343511,651422900.763359,662725190.839695,..,..
GDP (constant 2015 US$),NY.GDP.MKTP.KD,Andorra,AND,1638036865.6592,2240767147.05822,2789882569.1005,2893378230.93931,2903391399.65727,2949519480.26811,3008968450.49925,2672447226.31612,2893907016.25363,3170698001.42141,3252614722.13544,3362287046.47556
GDP (constant 2015 US$),NY.GDP.MKTP.KD,Angola,AGO,31101122148.0954,35182758019.6959,102543067840.732,100799291837.039,100648701499.631,100050434318.105,99845650843.2744,95809443080.1137,97824078558.145,101948344238.666,103236265970.233,107803341999.578
GDP (constant 2015 US$),NY.GDP.MKTP.KD,Antigua and Barbuda,ATG,830360009.985309,1195677311.61138,1437485185.18519,1496714858.20258,1537316639.9839,1640501407.75149,1692541753.29144,1373179832.3414,1485407940.31841,1620696017.30498,1660036192.7894,1720733551.28694
GDP (constant 2015 US$),NY.GDP.MKTP.KD,Argentina,ARG,265817211205.311,395646066535.875,594749285413.212,582376550428.09,598790850843.677,583118120294.002,571450737224.442,514874343768.066,568636554720.066,602872713790.916,591684674129.454,583738758865.705
GDP (constant 2015 US$),NY.GDP.MKTP.KD,Armenia,ARM,5839777093.95123,3959424772.65728,10553337518.414,10574444193.4325,11367527508.1135,11958638938.496,12867495497.6469,11941035821.9185,12633615899.6682,14225451502.9981,15406163977.6894,16315127652.4443
GDP (constant 2015 US$),NY.GDP.MKTP.KD,Aruba,ABW,1553993567.53506,2545966267.78226,2962906703.91061,2999478909.44476,3104263601.09893,3203987172.7481,3243239612.14075,2468170539.29889,2831747261.74117,3132944104.21046,3374393790.1973,3604216215.99837
GDP (constant 2015 US$),NY.GDP.MKTP.KD,Australia,AUS,630990273460.742,874926744105.928,1356805839935.9,1394194533274.64,1426167740135.16,1467158231105.1,1499347932643.95,1497345824797.34,1527396783519.68,1592357665099.43,1649424913623.6,1672078242948.22
GDP (constant 2015 US$),NY.GDP.MKTP.KD,Austria,AUT,239296977478.175,309014800203.266,379546097300.633,387581921834.297,396388751744.592,406235924915.185,413365268699.049,387247796560.501,406312360757.929,427972725600.496,424607814488.72,421809268656.554
GDP (constant 2015 US$),NY.GDP.MKTP.KD,Azerbaijan,AZE,20567069388.6795,12110978466.342,53076235354.746,51450192645.6866,51529227685.0867,52302373078.674,53599371924.6281,51348755387.0791,54232727563.5559,56789627303.7604,57558830022.9022,59902281408.4622
GDP (constant 2015 US$),NY.GDP.MKTP.KD,"Bahamas, The",BHS,8553048576.19105,10500261525.9051,11837600000,11700697195.6515,12095174365.8385,12385211217.3941,12281350586.0076,9814105056.96843,11540027214.2601,12795339943.1948,13185372844.5039,13630862492.2464
GDP (constant 2015 US$),NY.GDP.MKTP.KD,Bahrain,BHR,9444382363.28063,16199663949.4689,32523297872.3404,33764059498.7261,35436675410.8102,36164044588.1584,36906448210.9064,34724774104.3146,36235315986.0804,38474716945.1891,39966811156.113,41007465668.6828
GDP (constant 2015 US$),NY.GDP.MKTP.KD,Bangladesh,BGD,52852405164.9835,83492876905.7611,195146608978.131,209028320490.615,222803809377.443,239111739541.452,257958323968.613,266852772253.895,285368829855.224,305629528154.311,323279976841.364,336932927922.21
GDP (constant 2015 US$),NY.GDP.MKTP.KD,Barbados,BRB,5012060959.85194,5640486570.73121,5698150000,5783423169.47156,5824392171.7044,5750071519.41267,5763165130.17653,4935303060.93692,4930526775.24948,5779882130.08259,5948328550.31831,6095981657.86298
GDP (constant 2015 US$),NY.GDP.MKTP.KD,Belarus,BLR,29435120615.7016,26100310412.7168,56454769844.7632,55028470318.3987,56421892161.1976,58198729025.2815,59040547731.7471,58643356627.7874,60073587228.1282,57275121695.7263,59638602543.5231,62030020167.7391
GDP (constant 2015 US$),NY.GDP.MKTP.KD,Belgium,BEL,295130312078.184,367797580320.048,461044767544.531,466547349432.055,473426439010.72,482317238282.145,494099718080.569,470417598101.755,499839663858.827,519614510458.488,528521336864.414,534178915343.837
GDP (constant 2015 US$),NY.GDP.MKTP.KD,Belize,BLZ,752917474.31819,1363800371.11261,2193095150,2192684131.16429,2152487028.0072,2170181947.82235,2262557632.66642,1956594233.22066,2308584056.87279,2522139931.98722,2534753858.51431,2623588473.35997
GDP (constant 2015 US$),NY.GDP.MKTP.KD,Benin,BEN,3958255490.40473,6219354272.65514,11388160996.7738,11768488383.3269,12435945492.7429,13268812302.6618,14179807374.6843,14725558723.2985,15779238957.3117,16765906414.7949,17831007125.9788,19159972710.8241
GDP (constant 2015 US$),NY.GDP.MKTP.KD,Bermuda,BMU,5127916036.27965,6739895068.97791,6654541000,6610806937.02849,6849550930.14215,6819905984.64909,6840850356.57848,6373786302.28159,6667453991.67615,7099253361.41199,7448338953.24063,7893193425.43486
GDP (constant 2015 US$),NY.GDP.MKTP.KD,Bhutan,BTN,478896647.442211,751822818.964787,2187815803.36833,2373253832.39027,2422779966.72395,2507622616.54362,2651940022.25787,2380954251.4208,2486224986.25084,2615853471.18587,2737023912.04454,..
GDP (constant 2015 US$),NY.GDP.MKTP.KD,Bolivia,BOL,11974420933.7158,17334777888.1262,33000198248.9146,34407300587.1524,35850757840.6068,36878987707.3734,37434651169.5829,32673162315.3388,35949969735.497,37297165304.9227,38235698454.9001,37806175459.3053
GDP (constant 2015 US$),NY.GDP.MKTP.KD,Bosnia and Herzegovina,BIH,3520858801.76098,10679552177.5993,16404348361.0926,16936219694.6475,17485647420.4505,18155173558.4672,18679105074.1119,18115912618.3228,19454976126.4078,20277301651.4265,20681710969.038,21296271621.8748
GDP (constant 2015 US$),NY.GDP.MKTP.KD,Botswana,BWA,5274313873.08845,8491986059.02571,13530748844.505,14505561464.3559,15102375175.8986,15734967212.8207,16212015762.4196,14796887965.3696,16560125447.6096,17468616755.5627,18029021881.095,17489977781.8862
GDP (constant 2015 US$),NY.GDP.MKTP.KD,Brazil,BRA,917211012502.601,1186418964121.03,1802211999456.42,1743173031878.48,1766232928473.27,1797736638146.82,1819683008336.22,1760056385298.89,1843880907790.44,1899505159031.73,1961080569227.7,2028136094548.34
GDP (constant 2015 US$),NY.GDP.MKTP.KD,British Virgin Islands,VGB,..,..,..,..,..,..,..,..,..,..,..,..
GDP (constant 2015 US$),NY.GDP.MKTP.KD,Brunei Darussalam,BRN,11278756616.4487,12244033143.1515,12930296870.1247,12609894752.9469,12777445780.0952,12784137461.5724,13278735842.9555,13429260053.625,13215632407.1015,13000438095.7254,13147036779.4979,13679822692.2189
GDP (constant 2015 US$),NY.GDP.MKTP.KD,Bulgaria,BGR,38582785204.3142,30376118589.1044,50765918159.1476,52302413861.9149,53738599840.5621,54990790971.5665,57076766353.313,55288418257.0389,59616490915.7479,62051147380.8758,63094544094.4155,65231613490.8247
GDP (constant 2015 US$),NY.GDP.MKTP.KD,Burkina Faso,BFA,3042310107.50399,5107828181.20084,11832159315.6298,12537116611.6541,13314855313.1302,14194244128.6065,15030172259.3791,15332394848.5201,16396850182.5889,16663583086.9504,17163536264.1285,17987353311.1315
GDP (constant 2015 US$),NY.GDP.MKTP.KD,Burundi,BDI,2085340574.06338,1709130260.41104,2810532912.49975,2900474875.87058,3011616941.94606,3172504889.35261,3313977733.08389,3324133212.69452,3431737891.18244,3511275322.23022,3625559222.01905,3774652142.65546
GDP (constant 2015 US$),NY.GDP.MKTP.KD,Cabo Verde,CPV,313527702.860333,923550525.289887,1749857620.35329,1824764034.95256,1907814790.72833,1978536809.33193,2116002110.92756,1675762033.71886,1793627260.88123,2077803747.08658,2177429478.93487,2335159974.83501
GDP (constant 2015 US$),NY.GDP.MKTP.KD,Cambodia,KHM,6077176596.90232,7459479704.67578,24174170369.0738,26085259688.3373,28191654621.9478,30665817313.8491,33099747942.811,31922812945.0881,32909177695.673,34597385966.8314,36329791405.1421,38500536184.9646
GDP (constant 2015 US$),NY.GDP.MKTP.KD,Cameroon,CMR,15416689237.8441,17168567484.5749,32210233020.4569,33671222913.4548,34863580363.1151,36242614248.5756,37502066832.7403,37599547048.5841,38854942334.5769,40306867605.1364,41656165354.262,43124429828.9643
GDP (constant 2015 US$),NY.GDP.MKTP.KD,Canada,CAN,877824201198.45,1163199675162.51,1556508816217.14,1572673952924.25,1620386284360.03,1664832887873.71,1696605090551.84,1611126165625.03,1706996679677.69,1778503389905,1805692180594.62,1833766996134.79
GDP (constant 2015 US$),NY.GDP.MKTP.KD,Cayman Islands,CYM,..,..,4708167255.28727,4860710632.08443,5015477958.0794,5229501727.25244,5434269999.23381,5165012391.41422,5416518359.79396,5729358427.59835,6062554528.01369,..
GDP (constant 2015 US$),NY.GDP.MKTP.KD,Central African Republic,CAF,1492780724.87637,1675850364.88825,1695825714.19282,1776382808.69192,1856804600.57752,1927167163.54408,1986909345.61394,2004791529.66202,2024497026.49048,2033686256.48235,2047921417.64834,2078640238.88184
GDP (constant 2015 US$),NY.GDP.MKTP.KD,Chad,TCD,3605678066.93719,4516519365.60565,14559599499.5011,13959379525.7795,13733590857.5857,14522052213.2592,15303748438.8629,15243505756.0454,15288236703.0071,15919594857.6964,16553201687.3505,17248313422.9922
GDP (constant 2015 US$),NY.GDP.MKTP.KD,Channel Islands,CHI,..,..,10109273770.329,10231901695.1297,10416739087.3022,10533640271.4811,10699371928.6621,9747472425.32923,10716059398.8152,11288507155.9037,11707875863.1821,..
GDP (constant 2015 US$),NY.GDP.MKTP.KD,Chile,CHL,71089876109.5537,131243743563.397,242450355830.884,246700604515.86,250050047209.619,260027117802.785,261676645417.276,245600606668.884,273390120031.28,279278925615.692,280734996501.051,288158504434.814
GDP (constant 2015 US$),NY.GDP.MKTP.KD,China,CHN,1041271896195.66,2825096197799.54,11280814787468.9,12045152668727.3,12875216222853.4,13745158275136.7,14579283528148.4,14920466234565.3,16199162892908.6,16706875253648.5,17611526369126.6,18488114837769.3
GDP (constant 2015 US$),NY.GDP.MKTP.KD,Colombia,COL,120488417446.261,157016818928.93,293492370193.166,299618678572.191,303691577641.583,311479214511.795,321405606655.842,298309675728.093,330530695024.886,354752900899.02,357280089727.874,362990610076.174
GDP (constant 2015 US$),NY.GDP.MKTP.KD,Comoros,COM,557417553.676792,616936089.242142,966029600.862227,998105646.566284,1036190384.81036,1073934613.01512,1092843397.42943,1090706042.10569,1112522258.3942,1141481327.58447,1175671154.84031,1214916246.52607
GDP (constant 2015 US$),NY.GDP.MKTP.KD,"Congo, Dem. Rep.",COD,30508775958.6902,17148631280.919,40179574490.3032,40337814832.805,42048626459.9632,44601688163.9569,44849398935.1374,45197173728.8833,48103175756.1974,52582143957.1902,57069235865.1432,60565728422.4726
GDP (constant 2015 US$),NY.GDP.MKTP.KD,"Congo, Rep.",COG,5627089212.71733,6482377234.59307,12434793867.3568,11354801748.8219,10719526284.7166,10472514332.3273,10590275024.738,9926500702.40064,10027261669.7995,10175199489.7639,10369226732.5707,10636718505.674
GDP (constant 2015 US$),NY.GDP.MKTP.KD,Costa Rica,CRI,18845898693.2498,30425018574.4757,56441920820.5194,58814921621.3159,61260269007.514,62862779082.5908,64382494195.8,61631202097.7205,66522107766.4296,69549856033.0247,73105190307.8725,76264229553.4307
GDP (constant 2015 US$),NY.GDP.MKTP.KD,Cote d'Ivoire,CIV,22747083497.3228,30406072178.2268,45815005169.2651,49101205368.91,52739979047.0655,55294253263.7438,59010785540.9857,59423700880.6615,63620992438.4818,67692661917.0177,72160377909.6739,76504096839.437
GDP (constant 2015 US$),NY.GDP.MKTP.KD,Croatia,HRV,46601548105.3627,39679727338.7054,50998893384.8289,52766750207.3137,54499590874.6275,56086115348.75,57825641269.2151,53019830857.522,59717412023.485,64073470836.9772,66483687609.844,69027943227.3244
GDP (constant 2015 US$),NY.GDP.MKTP.KD,Cuba,CUB,52749217702.7609,45683563278.5995,87132800000,87579654548.8907,89164663941.1994,91169039692.7712,91020354637.1475,81054139247.4509,82070953176.2327,83527427215.7299,81915873064.4531,81046145427.2561
GDP (constant 2015 US$),NY.GDP.MKTP.KD,Curacao,CUW,..,2881155232.956,3058779211.89831,3026120390.73989,2987500760.4188,2924640415.44914,2830872591.42199,2308902987.9911,2405500837.76418,2571624725.62018,2679684396.59073,2814389451.52295
GDP (constant 2015 US$),NY.GDP.MKTP.KD,Cyprus,CYP,9942043047.74859,15534986805.8031,19909278416.8575,21218032913.0554,22438246417.1514,23845497750.3008,25246562822.6821,24433464399.3925,27218282939.641,29470249084.6058,30536911914.8595,31740302544.1463
GDP (constant 2015 US$),NY.GDP.MKTP.KD,Czechia,CZE,122972963913.465,128638858401.092,189107698561.919,193988322685.058,204024435232.921,209798950825.42,217279912681.73,205753475017.539,214043320221.167,220137498830.73,220242240981.103,222958017484.654
GDP (constant 2015 US$),NY.GDP.MKTP.KD,Denmark,DNK,202073829844.963,263066798869.213,301758922337.637,311032111297.516,320538736986.013,326500781502.599,332088518944.146,326176991232.295,347379325644.417,348921108389.075,351030642724,363238912546.89
GDP (constant 2015 US$),NY.GDP.MKTP.KD,Djibouti,DJI,..,..,2424391785.43897,2597091693.86547,2738843335.30256,2869605010.3792,3028726927.17701,3065135713.11422,3200221046.31128,3365561651.66421,3594666717.82039,3845591877.09476
GDP (constant 2015 US$),NY.GDP.MKTP.KD,Dominica,DMA,385516275.291539,471328095.603734,583177777.777778,591617792.302106,546983994.013143,563196657.633243,585432211.240413,493481872.044211,520030399.241901,574096959.632995,595064186.903307,607279298.404095
GDP (constant 2015 US$),NY.GDP.MKTP.KD,Dominican Republic,DOM,19828543241.5842,35393522990.4108,70966782572.4386,75735566406.0476,78714898894.6559,84301701754.6018,88427452425.8944,81415993438.0734,92824351636.8768,97686450823.9666,99828029402.8707,104773032846.36
GDP (constant 2015 US$),NY.GDP.MKTP.KD,Ecuador,ECU,41053840192.2984,50165491738.8835,97209558000,96540800718.3398,102304671535.156,103373033702.498,103544017315.435,93971273313.9152,102825145845.295,108859360917.986,111023744250.546,108801876280.216
GDP (constant 2015 US$),NY.GDP.MKTP.KD,"Egypt, Arab Rep.",EGY,115166183182.723,179683172290.026,329366576819.407,343682967575.512,358053111989.023,377141312302.669,398080548973.052,412213064649.087,425777537421.996,453827104224.605,470892276431.916,482189779212.632
GDP (constant 2015 US$),NY.GDP.MKTP.KD,El Salvador,SLV,12679661440.9982,17621447036.1716,23438240000,24033351541.724,24573529736.8617,25166352435.5773,25779775126.5993,23744951345.511,26571731219.3539,27356823619.6966,28325024473.7907,29062047321.2665
GDP (constant 2015 US$),NY.GDP.MKTP.KD,Equatorial Guinea,GNQ,173733397.996989,2699948863.55525,13185496881.0174,12023008461.8485,11341603434.7324,10634279338.5817,10051326714.9325,9569759527.14748,9652085293.25754,9963221065.40967,9456161986.86363,9541952850.62711
GDP (constant 2015 US$),NY.GDP.MKTP.KD,Eritrea,ERI,..,1899038769.45137,..,..,..,..,..,..,..,..,..,..
GDP (constant 2015 US$),NY.GDP.MKTP.KD,Estonia,EST,14658008362.8783,13979307068.9028,23311847750.9394,24032887679.5037,25387062190.0468,26326306710.8582,27307395871.0676,26519903136.8312,28709089435.1187,28357067289.1155,27578887219.4051,27554054399.2591
GDP (constant 2015 US$),NY.GDP.MKTP.KD,Eswatini,SWZ,1769262015.33258,2367182799.34336,3908217914.21824,4023477834.54531,4165142616.56823,4167866438.89669,4435938143.62829,4304996589.59367,4487365678.93282,4504690089.10423,4663821718.37207,4802519614.26982
GDP (constant 2015 US$),NY.GDP.MKTP.KD,Ethiopia,ETH,12715524549.8114,16684709707.888,62103418181.8182,67961933367.1549,74461941569.3207,79537377550.6924,86189951998.924,91412658764.8474,96569731965.9612,101708941221.845,108415879003.469,116669335367.212
GDP (constant 2015 US$),NY.GDP.MKTP.KD,Faroe Islands,FRO,..,..,2573905971.05459,2609591837.86672,2701241060.07126,2775895516.47884,2901879820.04399,2854366727.12733,2998979304.47733,3114769889.92582,3213157332.58036,3240267282.45612
GDP (constant 2015 US$),NY.GDP.MKTP.KD,Fiji,FJI,2640835885.57603,3330747234.58964,4682479893.97558,4796997047.63002,5053797787.50532,5246466309.21901,5215934671.17568,4319652697.81901,4131922233.08409,4865137079.9506,5324525632.97133,5512527123.40125
GDP (constant 2015 US$),NY.GDP.MKTP.KD,Finland,FIN,156033016628.071,196036503503.623,233210733506.25,239208760000.401,247110710501.527,250058685918.643,253433824168.6,247120696232.09,253734502126.393,255670602724.759,253269616816.416,254323653957.12
GDP (constant 2015 US$),NY.GDP.MKTP.KD,France,FRA,1630899060963.07,2025858476151.37,2442483452642.5,2463489569347.31,2514819204088.14,2556210832760.02,2608036638906.12,2413981867676.36,2580120255051.75,2650215998256.03,2688358302961.22,2720362347819.81
GDP (constant 2015 US$),NY.GDP.MKTP.KD,French Polynesia,PYF,5157102801.91492,5407300957.95024,5325846361.81186,5448457902.84308,5682340239.1533,5785013023.38646,5940599015.38201,5312451133.13352,5491263054.60892,5652560509.1391,5809297011.57328,5874732292.7704
GDP (constant 2015 US$),NY.GDP.MKTP.KD,Gabon,GAB,8218372646.58668,9689372094.82624,14383107762.6952,14683922149.3088,14753324537.1727,14876945089.6921,15460241661.1259,15176119359.5429,15398898313.7955,15866657481.0928,16253635205.6312,16805289922.7656
GDP (constant 2015 US$),NY.GDP.MKTP.KD,"Gambia, The",GMB,694740031.231163,960226283.311822,1378176608.93204,1404959537.12175,1472715273.80675,1579264608.77791,1677527292.27233,1687449652.95674,1776141480.03218,1873704900.09444,1984568191.32879,2094736745.30154
GDP (constant 2015 US$),NY.GDP.MKTP.KD,Georgia,GEO,16970422995.7282,6365211520.66238,15223796148.8396,15749049874.5344,16561685511.0983,17565660917.3341,18510819818.4957,17346401920.57,19192793472.268,21296041913.2144,22963990777.4548,25186857750.188
GDP (constant 2015 US$),NY.GDP.MKTP.KD,Germany,DEU,2364190062225,2885963533943.47,3425099578746.09,3501212900675.89,3599173571724.7,3640049243667.4,3675639268112.03,3523764998709.97,3661544208117.2,3727790994177.62,3695372350062.48,3677048776153.86
GDP (constant 2015 US$),NY.GDP.MKTP.KD,Ghana,GHA,13175548086.442,20074507180.6623,49436806230.4839,51104539956.3997,55258774288.879,58684861220.5087,62503939826.8611,62825173619.4157,66014472471.1465,68526224001.2217,70678009792.105,74629231909.5195
GDP (constant 2015 US$),NY.GDP.MKTP.KD,Gibraltar,GIB,..,..,..,..,..,..,..,..,..,..,..,..
GDP (constant 2015 US$),NY.GDP.MKTP.KD,Greece,GRC,157426168113.858,194535950663.831,194567373678.099,194505511433.343,197370820217.692,201445880434.67,206033167050.895,187085880047.738,203277223532.871,214502162962.972,219083738943.271,223655084018.924
GDP (constant 2015 US$),NY.GDP.MKTP.KD,Greenland,GRL,1490388563.1779,1776741578.35367,2499113022.81675,2616120347.69515,2617499780.41644,2633808516.64035,2708402650.63237,2715195047.19671,2759563889.53607,2814880887.77734,2839256686.24476,..
GDP (constant 2015 US$),NY.GDP.MKTP.KD,Grenada,GRD,510049757.237171,717463922.03278,997007407.407407,1034291535.85512,1080200382.60863,1127312678.42806,1134939081.03144,978809798.804488,1024791581.86502,1099706286.21882,1149485315.76389,1195043156.53983
GDP (constant 2015 US$),NY.GDP.MKTP.KD,Guam,GUM,..,..,5799000000,5809553230.20928,5861264058.23476,5812719199.27207,5959409099.18107,5332547224.74977,5442300818.9263,5719850773.43039,..,..
GDP (constant 2015 US$),NY.GDP.MKTP.KD,Guatemala,GTM,24741759327.9407,37033785218.7019,62186066547.6566,63851286764.0999,65817811430.0879,68060140995.097,70794727937.1204,69530651433.0831,75122100458.9218,78265598404.1417,81030845277.9723,83989981406.9695
GDP (constant 2015 US$),NY.GDP.MKTP.KD,Guinea,GIN,3528427545.98221,5176459579.46449,8794201742.84609,9745789528.35549,10749606370.4679,11433119223.7578,12075307751.6835,12643401588.6985,13349198344.073,13879482945.938,14648645956.2703,15432355339.8107
GDP (constant 2015 US$),NY.GDP.MKTP.KD,Guinea-Bissau,GNB,554182863.783592,705153195.39567,1152384166.79638,1214989490.95557,1271652706.03289,1319485332.4773,1389780856.97486,1429964954.95595,1502186168.85351,1585255149.16317,1677635814.13438,1747195818.67949
GDP (constant 2015 US$),NY.GDP.MKTP.KD,Guyana,GUY,1782661480.13403,2875468427.07822,4279840193.7046,4442793237.23993,4608708975.07815,4813377725.77348,5071030135.73162,7275896377.20418,8735441012.70968,14268000638.322,19089873040.0558,27454923839.2682
GDP (constant 2015 US$),NY.GDP.MKTP.KD,Haiti,HTI,11154318515.4634,11150259169.2375,14849629308.6025,15118774099.5928,15498296353.5977,15756778637.9976,15485274058.243,14973407477.2561,14704149691.2104,14456828250.6294,14187369712.6764,13595808327.3781
GDP (constant 2015 US$),NY.GDP.MKTP.KD,Honduras,HND,2280969074.40865,11770779974.6587,20979791685.416,21796529142.7732,22852116284.6356,23730778960.5382,24338200129.3672,22156260473.8169,24940257609.6892,25973672631.7766,26902451582.3921,27858556649.7637
GDP (constant 2015 US$),NY.GDP.MKTP.KD,"Hong Kong SAR, China",HKG,121832500817.523,179510029573.087,309385622601.348,316116086739.67,328116204743.636,337457513840.276,331813719170.552,310097161184.35,330112209080.37,317951587861.717,328201901799.319,336423318692.037
GDP (constant 2015 US$),NY.GDP.MKTP.KD,Hungary,HUN,89698143067.4039,91691821698.8094,125244126623.289,128298381762.592,133589642960.172,141078862882.165,148241697677.304,141809897486.431,152052706989.445,158366514062.482,157072489603.652,157952280644.587
GDP (constant 2015 US$),NY.GDP.MKTP.KD,Iceland,ISL,9505724850.11784,12224638522.2591,17700486957.1907,18801118749.2807,19456350341.8065,20363166145.0836,20594942207.7632,19226227440.8995,20222255991.4032,22005999303.4513,23147265109.0917,22922580053.4796
GDP (constant 2015 US$),NY.GDP.MKTP.KD,India,IND,465242841648.51,800534479623.61,2103588360044.94,2277267041550.36,2432016068497.75,2588974770244.57,2689205295885.31,2533830417086.54,2779348258938.77,2990839011962.46,3265719695911.24,3477820532826.48
GDP (constant 2015 US$),NY.GDP.MKTP.KD,Indonesia,IDN,269915108912.607,395012382597.556,860854232686.214,904181621780.388,950021694164.001,999178586309.021,1049330233997.45,1027656193885.38,1065709127396.86,1122268412650.2,1178932006499.5,1238236350136.56
GDP (constant 2015 US$),NY.GDP.MKTP.KD,"Iran, Islamic Rep.",IRN,188112392401.369,258056537598.384,409191686496.677,445262288195.34,458739730634.758,441546348305.719,431119516583.705,450269020578.621,468869169367.781,489278157562.545,515368187132.474,534246745197.836
GDP (constant 2015 US$),NY.GDP.MKTP.KD,Iraq,IRQ,62001516291.8778,101916218527.399,166774104959.102,189767872908.426,186314571374.742,191221819559.378,201765390224.396,177479307669.569,180145367592.772,194483223959.197,195490074355.087,192469260104.189
GDP (constant 2015 US$),NY.GDP.MKTP.KD,Ireland,IRL,82427285855.6966,162098435201.65,302101388556.271,305795232417.145,336707637029.955,362595940328.693,380627401462.693,407856325068.063,474166373639.897,509781668505.942,496851698334.418,509767195342.461
GDP (constant 2015 US$),NY.GDP.MKTP.KD,Isle of Man,IMN,1932573079.00908,3501118028.55419,7084800892.22284,7577357706.49841,7792384786.37832,7964861239.48697,7985161906.36243,7279527763.56095,7558904124.23897,7244046026.79496,..,..
GDP (constant 2015 US$),NY.GDP.MKTP.KD,Israel,ISR,104361221372.815,184981435200.171,303469434072.296,317003511449.31,330783435889.189,344027669320.131,356792803355.853,349579824803.208,382399686301.549,406350386042.279,413772459124.137,417380424316.47
GDP (constant 2015 US$),NY.GDP.MKTP.KD,Italy,ITA,1566879170825.76,1856863206512.55,1845428048839.1,1868241619489.51,1898202609462.08,1913894038926.83,1922107755078.16,1751650987235.43,1908092024820.83,2000084512919.56,2019599234310.29,2033588532657.24
GDP (constant 2015 US$),NY.GDP.MKTP.KD,Jamaica,JAM,11360648630.7449,13553906825.7897,14963589915.5912,15376650479.9803,15729242259.4032,16124965549.2249,16416735750.8852,15053421189.293,15912170664.5422,16936803585.1513,17401946531.631,17308839319.8134
GDP (constant 2015 US$),NY.GDP.MKTP.KD,Japan,JPN,3509518031563.1,3986755544463.82,4444930651964.18,4478437728050.46,4553466417290.11,4582763011478.55,4564332550096.38,4374056271824.01,4492005937826.88,4534320578755.85,4601203385713.7,4606002855955.13
GDP (constant 2015 US$),NY.GDP.MKTP.KD,Jordan,JOR,11598569492.0435,18380669691.8022,38587017887.3239,39356512808.3494,40330034782.8485,41103996749.7366,41823826702.478,41362613665.9359,42874683401.0676,44009762839.5016,45279041100.7738,46405988481.4729
GDP (constant 2015 US$),NY.GDP.MKTP.KD,Kazakhstan,KAZ,95326487409.9576,66179326672.5077,184388404706.042,186416677156.152,194059760924.352,202016211108.857,211106940610.612,205829267103.2,214679925583.069,221549683201.099,232848717043.771,244491152895.888
GDP (constant 2015 US$),NY.GDP.MKTP.KD,Kenya,KEN,30431959354.312,36630908098.8264,70120446896.8359,73074983895.0953,75879571212.3885,80165208728.3956,84264984851.3549,84035138346.859,90413816676.9795,94807911027.625,100230916344.516,104966566488.391
GDP (constant 2015 US$),NY.GDP.MKTP.KD,Kiribati,KIR,103872759.414488,137844779.277017,191559398.688293,205137185.569867,212828045.375187,220233266.963344,227422251.871424,224083567.264516,243085266.381389,254185331.934612,260926354.579915,274669078.171778
GDP (constant 2015 US$),NY.GDP.MKTP.KD,"Korea, Dem. People's Rep.",PRK,..,..,..,..,..,..,..,..,..,..,..,..
GDP (constant 2015 US$),NY.GDP.MKTP.KD,"Korea, Rep.",KOR,414656502991.157,835011437852.054,1539212301135.55,1588028842393.05,1642548917819.59,1694718171579.25,1733930596323.25,1721788880530.99,1801214449834.76,1850343736945.76,1879634949821.72,1917295522781.86
GDP (constant 2015 US$),NY.GDP.MKTP.KD,Kosovo,XKX,..,..,6295848422.71573,6646638934.14947,6967382841.60846,7204735953.90435,7547450874.83231,7144396206.5298,7912108452.01596,8250627929.71309,8586232700.23679,8978889464.69922
GDP (constant 2015 US$),NY.GDP.MKTP.KD,Kuwait,KWT,33933574664.7635,61264446634.5746,114585555688.511,117938415952.58,112380895138.2,115463874454.862,118077765349.788,112389586345.299,114268886945.818,121991940635.833,119958083706.278,116887023610.314
GDP (constant 2015 US$),NY.GDP.MKTP.KD,Kyrgyz Republic,KGZ,5284729934.9621,3518703233.18908,6678177511.66313,6967733666.77765,7297999868.50301,7572252145.25549,7920623120.2686,7354379549.41978,7759385792.10421,8455209116.53133,9217301873.9258,10050558458.4137
GDP (constant 2015 US$),NY.GDP.MKTP.KD,Lao PDR,LAO,2736044527.0661,4981659930.07599,14426380125.6488,15439521179.3987,16503694943.2856,17534839203.1116,18491844275.7106,18584864138.19,19054754737.3799,19570648221.6862,20303702352.295,21142284373.3842
GDP (constant 2015 US$),NY.GDP.MKTP.KD,Latvia,LVA,20300396490.514,15001703493.7099,26344565876.8902,27016796481.3321,27935083541.205,29139005429.8548,29335802338.5259,28318076614.1623,30284070900.4111,30862052747.7596,30571453786.1231,30557357896.8573
GDP (constant 2015 US$),NY.GDP.MKTP.KD,Lebanon,LBN,9896526025.77854,25798443405.5655,49929337836.8159,50705514062.8608,51163399287.7034,50199119756.2008,46727888410.6848,36728167162.8739,34156740537.1604,33944395264.1769,33686219465.2748,..
GDP (constant 2015 US$),NY.GDP.MKTP.KD,Lesotho,LSO,966060902.402024,1453365294.1512,2359686724.53829,2444845631.39553,2368122098.53455,2333058897.5103,2299976266.27346,2112391171.33041,2160272945.18777,2211855514.87917,2252257815.53386,2316549022.3524
GDP (constant 2015 US$),NY.GDP.MKTP.KD,Liberia,LBR,1676942910.41919,2210291803.5902,3227075700,3176896008.31,3254893758.73415,3292571599.13518,3211334057.92828,3115556299.79146,3270920145.66908,3428189426.39464,3588757484.77383,3733092094.5398
GDP (constant 2015 US$),NY.GDP.MKTP.KD,Libya,LBY,49279670598.2636,57579668503.4421,48717501321.3052,47991152062.8031,63584342257.9606,68633808773.5188,60949510655.8708,42996651437.748,55164567212.7209,50586008471.7998,55745806520.295,56804949261.2974
GDP (constant 2015 US$),NY.GDP.MKTP.KD,Liechtenstein,LIE,..,..,6268515276.17441,..,..,..,..,..,..,..,..,..
GDP (constant 2015 US$),NY.GDP.MKTP.KD,Lithuania,LTU,30815380911.6807,22342117970.7075,41540954817.2039,42650896790.5078,44618059836.1503,46812540124.5928,49002127329.2631,49023107998.6089,52150790162.9131,53474129886.9706,53657151896.4273,55144866855.2473
GDP (constant 2015 US$),NY.GDP.MKTP.KD,Luxembourg,LUX,25212438591.8463,40369840252.809,60071584216.1375,63062061883.63,63892707251.4305,64922207640.6436,66707126419.2733,66366885630.9508,70965934440.7674,70187142285.2316,70256936375.5582,70508886559.2138
GDP (constant 2015 US$),NY.GDP.MKTP.KD,"Macao SAR, China",MAC,10510339248.614,13681294587.0131,44940613353.1038,44625350360.8479,49051541817.7349,52170812899.485,50886936460.4335,23203378176.6445,28415367854.0484,23028683194.5103,40371220293.3995,43540200437.277
GDP (constant 2015 US$),NY.GDP.MKTP.KD,Madagascar,MDG,6492398920.48671,7688842733.27739,11323020701.3017,11775165456.5346,12238318933.7165,12629254472.2012,13186360203.1442,12245161113.1284,12814644792.2069,13347233960.4257,13908224364.653,14492369787.9526
GDP (constant 2015 US$),NY.GDP.MKTP.KD,Malawi,MWI,3377048507.13521,4736773940.3021,9219474379.31534,9449961238.71922,9827959688.35226,10255826273.6659,10842133933.7208,10928176721.5316,11426314939.9064,11531564448.65,11755940188.7261,11952668098.8907
GDP (constant 2015 US$),NY.GDP.MKTP.KD,Malaysia,MYS,74627553679.509,148271359064.948,301355266964.947,314764917575.088,333061328477.268,349191778300.005,364602265936.14,344706479641.244,356134704342.139,388299855024.742,402034268648.217,422559964245.24
GDP (constant 2015 US$),NY.GDP.MKTP.KD,Maldives,MDV,1029918209.68972,1984591804.63877,4129505319.12921,4392772972.49748,4703536561.40931,5106580520.20896,5460112147.97969,3663253190.26213,5037261439.19069,5733717715.04974,6017127527.21638,6227390285.84391
GDP (constant 2015 US$),NY.GDP.MKTP.KD,Mali,MLI,5413448188.78719,7889185607.31589,15583181170.4105,16518961030.4362,17406945659.5769,18254289663.8519,19167003985.6926,18942920941.9796,19530329790.3727,20253575064.0318,21210639746.3918,22269531976.235
GDP (constant 2015 US$),NY.GDP.MKTP.KD,Malta,MLT,3565695728.93521,6701061697.46334,11340795042.0881,11803273067.5598,13334316042.9201,14292948664.8282,14876823596.3021,14362489738.4331,16288744391.3981,16693210193.3434,18466282602.6508,19721971907.7513
GDP (constant 2015 US$),NY.GDP.MKTP.KD,Marshall Islands,MHL,140496545,154176500,183700000,188300000,195000000,205700000,227200000,220900000,225670074.462891,224089111.328125,212866912.841797,218192687.988281
GDP (constant 2015 US$),NY.GDP.MKTP.KD,Mauritania,MRT,2806313536.00187,3409611141.00167,6166863896.68677,6244622452.80308,6636194355.58626,6952885074.44597,7171275534.84383,7145411800.0896,7198481880.1079,7687691068.95683,8211183625.04944,8729112418.52009
GDP (constant 2015 US$),NY.GDP.MKTP.KD,Mauritius,MUS,4086495015.20968,6817633870.93239,12162211503.0793,12631973062.5133,13129418116.1342,13655479838.659,14050298678.0198,12006466620.7709,12415142570.9354,13494399202.0623,14170187784.8097,14868086969.4353
GDP (constant 2015 US$),NY.GDP.MKTP.KD,Mexico,MEX,665614206222.858,945027051117.631,1213294467716.88,1234800030119.7,1257912134612.3,1282719194577.95,1277682078094.17,1170944075446.26,1241768434200.36,1287835026749.81,1331023107619.63,1350022500028.81
GDP (constant 2015 US$),NY.GDP.MKTP.KD,"Micronesia, Fed. Sts.",FSM,240612288.943396,305255189.683569,310175057.802073,313099160.149974,319911415.240516,319911415.240516,332969024.025843,327398648.118022,337547021.665978,327738276.522529,329223318.369684,331590401.690288
GDP (constant 2015 US$),NY.GDP.MKTP.KD,Moldova,MDA,11137693132.5555,3939281163.91139,7797667196.73087,8159947934.63828,8500675703.95748,8847128857.51461,9161406662.06896,8403210632.93021,9573777856.36482,9133384072.52763,9242984685.90417,9252510447.17039
GDP (constant 2015 US$),NY.GDP.MKTP.KD,Monaco,MCO,3214255640.44724,3909415913.17981,6264756528.37691,6453228194.42908,6246325873.74088,6602235351.40181,7072373236.60927,6136054329.90152,7500235156.94536,8345233814.41127,8799544244.79004,9548432765.36857
GDP (constant 2015 US$),NY.GDP.MKTP.KD,Mongolia,MNG,3826905840.8639,3817248910.66296,11619892590.6941,11793003947.8926,12457761002.7432,13422599720.3616,14174566537.4555,13528524951.0287,13749955731.6936,14441951078.838,15513848972.8704,16308475359.1871
GDP (constant 2015 US$),NY.GDP.MKTP.KD,Montenegro,MNE,..,2656559076.11381,4010885990.83986,4148832618.17872,4282287496.64778,4484964786.60981,4682030356.6341,3980071397.73552,4499321890.02717,4847549017.67011,5161590831.64825,5324908668.48059
GDP (constant 2015 US$),NY.GDP.MKTP.KD,Morocco,MAR,41636515790.1878,56160912155.7573,110413823841.592,110989284688.174,116603009678.139,120177639735.159,123651944968.713,114775951852.213,124135631043.727,126385828220.594,131006044306.041,135975581947.965
GDP (constant 2015 US$),NY.GDP.MKTP.KD,Mozambique,MOZ,2894534061.64812,5210292403.59676,16208985769.615,16970320249.5828,17418032489.647,18025039081.8692,18442825951.8799,18217911539.7402,18651030677.5113,19465045724.7404,20532020330.7663,20973160980.9212
GDP (constant 2015 US$),NY.GDP.MKTP.KD,Myanmar,MMR,6778227478.82249,13523413252.2448,59607290408.4359,63101751664.1065,66973743449.8257,71172235146.7291,75854734834.642,68991135074.4517,60700903303.7127,63151698290.198,63756973611.1702,63137226235.7415
GDP (constant 2015 US$),NY.GDP.MKTP.KD,Namibia,NAM,3912561187.29612,5607973667.33031,11335161083.5061,11338991738.8743,11222512162.9739,11341464002.1253,11246291861.588,10335184546.1643,10707646943.9364,11285723332.8927,11787126126.6129,12224610619.8575
GDP (constant 2015 US$),NY.GDP.MKTP.KD,Nauru,NRU,199239202.531043,61821096.4003501,84863440.5801997,88370194.3231835,82759388.3344094,82058037.5858134,89071545.0717802,90474246.568973,97487754.0549406,100293157.049327,100994507.797924,102397209.295117
GDP (constant 2015 US$),NY.GDP.MKTP.KD,Nepal,NPL,8253520017.23047,13432367221.0195,24360801286.7638,24466311259.2881,26662720369.2492,28695053195.3457,30605298792.5448,29880069318.7261,31325711777.1674,33089761144.5103,33745781686.6509,34982690898.4415
GDP (constant 2015 US$),NY.GDP.MKTP.KD,Netherlands,NLD,468115532100.447,647616371669.345,775743675302.734,794549918521.022,816650691531.918,835096710412.613,854304699526.719,821260592382.701,872809729132.839,916513359459.671,911031728184.777,920880034447.75
GDP (constant 2015 US$),NY.GDP.MKTP.KD,New Caledonia,NCL,..,..,8738203074.3957,..,..,..,..,..,..,..,..,..
GDP (constant 2015 US$),NY.GDP.MKTP.KD,New Zealand,NZL,87892387205.9055,119024733715.31,178224167087.99,184959455627.068,191208740301.496,197844796498.754,202429793153.827,201807833897.729,210960637812.921,218336637842.863,221380800380.185,224233557754.352
GDP (constant 2015 US$),NY.GDP.MKTP.KD,Nicaragua,NIC,5248461700.60458,7324881903.35865,12756696261.0676,13338803114.2245,13956550774.5717,13487142194.6088,13096437236.4148,12803529948.2066,14142060836.745,14644146345.7189,15292551634.5755,15841222424.9421
GDP (constant 2015 US$),NY.GDP.MKTP.KD,Niger,NER,3860672838.20896,4522117708.50312,9683867926.44282,10239808436.9433,10752347793.0235,11527744540.163,12212475570.6373,12646096746.8881,12821067681.4111,14346774735.5026,14586026438.1981,16088387161.4462
GDP (constant 2015 US$),NY.GDP.MKTP.KD,Nigeria,NGA,153178750575.315,179675448843.374,493026682800.63,485055087455.821,488964081500.903,498365674277.734,509371727735.744,476930359891.946,482220722020.13,503047012794.856,519782610025.928,540898072115.881
GDP (constant 2015 US$),NY.GDP.MKTP.KD,North Macedonia,MKD,7293742777.22762,6653275727.54115,10064519962.5655,10351178142.8536,10463154366.0785,10764555646.4726,11185494933.6944,10661068595.4055,11141955229.994,11449348867.2054,11741875752.5034,12093396439.5
GDP (constant 2015 US$),NY.GDP.MKTP.KD,Northern Mariana Islands,MNP,..,..,910000000,1175830303.0303,1448278787.87879,1165903030.30303,1032436363.63636,732412121.212121,768812121.212121,896763636.363636,..,..
GDP (constant 2015 US$),NY.GDP.MKTP.KD,Norway,NOR,211808370315.601,304696827580.115,388159512245.53,392680500171.757,402355151331.034,405690399924.369,410249333418.695,405005642242.722,420836044191.958,434497344228.607,434810705801.472,443929688973.891
GDP (constant 2015 US$),NY.GDP.MKTP.KD,Oman,OMN,29333594829.5491,45372727044.5609,78710793237.9714,82682873555.7961,82934277088.5646,84001727416.2074,83053651985.4157,80246670660.8581,82318780120.4001,88892516940.1985,90149469537.5157,91620377320.7829
GDP (constant 2015 US$),NY.GDP.MKTP.KD,Pakistan,PAK,110450553630.166,162552194688.572,299963590534.773,319682711890.74,333853050597.697,354390697428.203,363242090361.647,358614068499.253,381973779235.3,400224894618.857,398564217461.774,410716372191.504
GDP (constant 2015 US$),NY.GDP.MKTP.KD,Palau,PLW,217703251.023798,236780563.408324,287057525.634766,290866364.105097,282170906.738952,278660962.692401,277652130.171489,258570955.305441,224284364.068701,227677066.634821,232722385.881789,..
GDP (constant 2015 US$),NY.GDP.MKTP.KD,Panama,PAN,11857417964.9311,20639538974.0522,55767806073.1781,58317491742.8782,61667283149.9355,64083529457.2571,66072084910.0035,54297226728.12,63238418849.185,70219021768.6549,75251148212.8876,77318963569.7031
GDP (constant 2015 US$),NY.GDP.MKTP.KD,Papua New Guinea,PNG,7373337464.29462,11016425270.6953,21723437010.0982,22915960976.066,23725951011.6612,23659695751.3327,24719771866.5529,23936789891.162,23814388297.7556,25173614524.0292,26132952333.2822,27125951106.4194
GDP (constant 2015 US$),NY.GDP.MKTP.KD,Paraguay,PRY,16384218445.3773,20783433276.2582,36211447840.1027,37756961788.4736,39573101423.9484,40841122661.1912,40677000526.5933,40343536418.8014,41964030301.4411,42037903094.7542,44139473679.5817,46015383701.3623
GDP (constant 2015 US$),NY.GDP.MKTP.KD,Peru,PER,59592279647.2189,87409379264.7108,189802976285.619,197306492869.139,202276318741.548,210305376512.78,215017545590.315,191509018299.917,217099648514.382,223198050485.251,222298021864.381,229642617310.3
GDP (constant 2015 US$),NY.GDP.MKTP.KD,Philippines,PHL,107109108270.262,142796015521.852,306445871242.322,328355086268.976,351113338965.581,373379140695.818,396224439236.642,358510629276.391,378998554988.857,407730367707.393,430232801525.652,454721721977.445
GDP (constant 2015 US$),NY.GDP.MKTP.KD,Poland,POL,194797367584.792,283174187558.032,480054118583.367,494605411858.337,520089746650.75,552573816155.989,577884228677.544,566120997479.772,605337233054.782,637150470884.733,638740867489.057,658084600079.586
GDP (constant 2015 US$),NY.GDP.MKTP.KD,Portugal,PRT,145687801786.27,193677420299.115,199038523119.639,203027536357.754,209757330876.906,215937376369.165,221866335067.158,203663019645.466,214984151437.597,230002603240.143,237132635847.463,242206495918.36
GDP (constant 2015 US$),NY.GDP.MKTP.KD,Puerto Rico (US),PRI,66260903262.1266,99578589112.8593,103375500000,102069149649.478,99124231779.4147,94801000739.6964,96389357184.3707,92359439312.9166,92715228856.7798,95456906860.8231,96155166598.5367,99210088884.5323
GDP (constant 2015 US$),NY.GDP.MKTP.KD,Qatar,QAT,17662196492.9418,33690588603.2193,161739835164.835,166695713593.11,164199341779.27,166226927746.608,167370994374.124,161416766491.661,164042913770.979,170908060803.633,173539688045.024,177634714249.328
GDP (constant 2015 US$),NY.GDP.MKTP.KD,Romania,ROU,116460149704.559,102548919722.127,177885131240.315,182972525962.275,197967999561.02,208647427408.285,216910469745.256,209105975817.662,220789460074.341,230035489109.198,235229078939.709,237383786157.719
GDP (constant 2015 US$),NY.GDP.MKTP.KD,Russian Federation,RUS,1161488648465.81,780432873752.842,1363482182197.71,1366123111808.03,1391065651845.68,1430116278515.49,1461551317106.21,1422766794794.99,1506233291759.56,1484605556957.56,1545214947189.49,1612344875264.36
GDP (constant 2015 US$),NY.GDP.MKTP.KD,Rwanda,RWA,2715732611.30422,2738155708.93407,8543760199.80208,9053886356.47148,9408633100.29498,10209916254.6891,11174486370.4509,10797494124.6384,11969932683.8627,12946823692.9381,14014924091.7947,15260942682.7546
GDP (constant 2015 US$),NY.GDP.MKTP.KD,Samoa,WSM,428373059.396072,535129944.383763,824150498.653536,889949544.378272,902464748.18719,896962897.99084,936894420.746212,907769700.504801,861986288.32084,881527953.232608,1015816489.37016,1064051361.64931
GDP (constant 2015 US$),NY.GDP.MKTP.KD,San Marino,SMR,..,1495569701.92883,1419401070.56043,1452677592.44342,1456429357.00178,1478187032.62147,1508721722.60406,1408423247.99647,1604162946.37945,1730866817.58497,1737823775.34504,..
GDP (constant 2015 US$),NY.GDP.MKTP.KD,Sao Tome and Principe,STP,118982019.506696,138248376.950013,259999643.047388,273459368.754364,284706696.977306,297171520.830854,303157496.465873,311114954.79799,317023957.753826,317558772.390522,318740893.733006,322247041.654835
GDP (constant 2015 US$),NY.GDP.MKTP.KD,Saudi Arabia,SAU,275795698496.001,359919640768.117,693414400000,705230509999.152,713567089638.542,736593549189.516,748759049109.6,720270347023.097,767229070838.89,859301066620.788,863963569239.897,881212616884.024
GDP (constant 2015 US$),NY.GDP.MKTP.KD,Senegal,SEN,7649320651.26936,10450471990.9721,17774766696.1759,18904543055.8656,20304894471.3123,21565674310.7132,22560634320.127,22863414676.2849,24359596784.117,25297546478.5042,26374572022.2227,27973016519.3217
GDP (constant 2015 US$),NY.GDP.MKTP.KD,Serbia,SRB,..,26625555756.526,41297410634.9586,42526090399.794,43531153349.2666,45555069182.0072,47719029694.9033,47265687464.123,51022863667.9918,52402255080.2826,54366256509.8452,56513683533.7835
GDP (constant 2015 US$),NY.GDP.MKTP.KD,Seychelles,SYC,610261194.745671,949537227.205275,1432403352.12944,1605975218.58763,1717657339.98638,1802500555.76177,1901895701.03715,1678615792.63838,1687886479.31967,1902424765.1769,1945405357.99613,2012826895.3276
GDP (constant 2015 US$),NY.GDP.MKTP.KD,Sierra Leone,SLE,4164341831.33004,3217030909.61881,6788352974.78329,7225348888.80731,7457128029.04966,7672926606.69678,8095145458.32686,7993685031.06354,8465060863.02376,8914856495.10508,9423896753.16695,9828485690.6466
GDP (constant 2015 US$),NY.GDP.MKTP.KD,Singapore,SGP,70914989180.4411,140533304238.721,307998545269.398,319541032495.045,333846562289.746,345370865382.867,349888458531.086,336541232520.503,369376902514.865,384550906479.006,391555143381.885,408736675576.891
GDP (constant 2015 US$),NY.GDP.MKTP.KD,Sint Maarten (Dutch part),SXM,..,..,1417888715.0838,1431610451.70303,1323735540.53767,1232967219.66025,1368162086.82719,1185966832.34776,1240255611.86927,1412651141.9191,1466331885.31203,1510321841.87139
GDP (constant 2015 US$),NY.GDP.MKTP.KD,Slovak Republic,SVK,45559569012.8021,48483456226.779,89178548717.3324,90915584911.6973,93529165482.8938,97328432250.4869,99543529164.3085,96969818857.1148,102454294896.646,103012252413.418,105188526684.47,107227789781.413
GDP (constant 2015 US$),NY.GDP.MKTP.KD,Slovenia,SVN,27206132647.8282,32113425072.0193,42709468274.8137,44005450729.606,46282469720.8281,48309217703.4135,50002578162.6734,47959972369.9892,51996698295.6593,53384233078.3164,54652553125.6646,55598805913.7619
GDP (constant 2015 US$),NY.GDP.MKTP.KD,Solomon Islands,SLB,598482808.000127,769815582.866258,1307908813.59962,1380562408.99877,1423021077.98042,1462095137.08983,1487670872.02155,1437368862.92689,1434092017.05313,1397028143.8117,1436719369.01707,1479785892.35403
GDP (constant 2015 US$),NY.GDP.MKTP.KD,"Somalia, Fed. Rep.",SOM,1837281328.30163,2059706442.19268,6152149099.99942,6584944951.37229,7555288980.07721,7710498420.37301,7926418061.75135,7707287719.38597,7972973226.06341,8189695542.68851,8531635197.80811,8882404280.64207
GDP (constant 2015 US$),NY.GDP.MKTP.KD,South Africa,ZAF,185160422891.731,221691970228.101,346709790458.563,349013858372.625,353055253707.071,358551560868.533,359483563936.676,337307318679.639,353695896167.047,360975440918.611,363885280375.697,365831497261.341
GDP (constant 2015 US$),NY.GDP.MKTP.KD,South Sudan,SSD,..,..,11997800760.2242,..,..,..,..,..,..,..,..,..
GDP (constant 2015 US$),NY.GDP.MKTP.KD,Spain,ESP,745271992216.377,977964704474.031,1206164777553.12,1241326362266.48,1277275696051.09,1307871701701.25,1333521400432.69,1187633217292.02,1267004457826.92,1347716659731.45,1380882052539.27,1428595035672.37
GDP (constant 2015 US$),NY.GDP.MKTP.KD,Sri Lanka,LKA,22706851776.1512,37755216046.2078,85090301052.0465,89390445684.9413,95165677467.0656,97364084798.8326,97149412680.2905,92656723482.0524,96555233343.7041,89459202881.0576,87374939262.0939,91751304716.6408
GDP (constant 2015 US$),NY.GDP.MKTP.KD,St. Kitts and Nevis,KNA,409858640.19708,635237944.035906,957222222.222222,994866931.117104,997065001.528822,1017041453.06618,1046924638.78381,886725390.821136,889985054.357552,983259885.957027,1012966873.64566,1016129628.26613
GDP (constant 2015 US$),NY.GDP.MKTP.KD,St. Lucia,LCA,1160539672.65499,1459098899.46569,1807640740.74074,1869604354.17882,1932793731.46772,1988589215.44077,1974662679.79464,1493605760.01109,1666845859.70761,2006689780.75964,2051035272.37698,2130856442.55709
GDP (constant 2015 US$),NY.GDP.MKTP.KD,St. Martin (French part),MAF,..,..,..,..,..,..,..,..,..,..,..,..
GDP (constant 2015 US$),NY.GDP.MKTP.KD,St. Vincent and the Grenadines,VCT,423185993.807571,575442357.828232,786555555.555555,819195102.035842,831877075.602191,858294259.20171,864031342.481725,827146498.160775,844461993.24839,870731795.635827,917110146.812992,954361646.832288
GDP (constant 2015 US$),NY.GDP.MKTP.KD,Sudan,SDN,20456015800.8977,37610270337.133,51726758676.7677,53520457581.1072,53900054790.1369,52455031754.9093,51312429477.3951,49449890489.355,48525909156.8784,48061119947.9824,33915159867.9417,29179132473.6304
GDP (constant 2015 US$),NY.GDP.MKTP.KD,Suriname,SUR,2670873906.35377,2921018934.53474,5126237646.22072,4874454256.1508,4950790053.58146,5195768566.26648,5256433828.6406,4416708447.1504,4309144555.20541,4412832154.84564,4519472314.04237,4597250505.9213
GDP (constant 2015 US$),NY.GDP.MKTP.KD,Sweden,SWE,298731996822.795,368740595935.982,501602351911.6,512292396637.964,521937949816.044,531177584320.755,545031918111.884,534492107010.626,562423939232.591,569484812988.256,568322714847.714,572983369203.274
GDP (constant 2015 US$),NY.GDP.MKTP.KD,Switzerland,CHE,470515127362.452,529837998914.444,694118186379.628,708477337740.424,718132464454.115,738674254331.744,747109782755.794,731108655210.761,771755519734.1,795248228754.84,800682383958.149,811109937475.131
GDP (constant 2015 US$),NY.GDP.MKTP.KD,Syrian Arab Republic,SYR,11722376106.9772,20770487869.9399,16466863117.0009,15412063258.1149,15300590613.0367,15513754781.2974,15703131995.8402,15593656903.8252,15882796969.6273,15999183136.0334,..,..
GDP (constant 2015 US$),NY.GDP.MKTP.KD,Tajikistan,TJK,7088296320.45359,2699528109.30372,8271431485.07484,8842160257.54501,9469953672.84779,10189670046.8255,10943705646.9105,11425228817.4554,12499200274.9255,13499136339.2248,14619564549.6174,15847607943.9846
GDP (constant 2015 US$),NY.GDP.MKTP.KD,Tanzania,TZA,13747792168.7767,18486481203.1543,47413919817.124,50669888784.2555,54078588995.4215,57054358529.8857,60363511324.6004,61565931105.4141,64226431583.1539,67159014151.451,70563656177.7408,74463225268.4644
GDP (constant 2015 US$),NY.GDP.MKTP.KD,Thailand,THA,144044991708.439,221454615181.944,401296238228.084,415081396923.293,432422173710.333,450682801200.339,460212749509.626,432369701127.278,439080796986.82,450410744554.857,459498911646.803,471178549995.253
GDP (constant 2015 US$),NY.GDP.MKTP.KD,Timor-Leste,TLS,481437137.776279,832683766.647435,1590282371.46446,1638148814.59482,1586016118.47795,1578617315.67268,1960846014.97769,2582938981.94735,2721637681.74972,2163090172.13552,1770794193.37577,1609639637.8195
GDP (constant 2015 US$),NY.GDP.MKTP.KD,Togo,TGO,2813624018.04055,3492826929.75804,5755457836.01866,5998044851.32381,6238441246.41392,6537585941.16754,6859420393.24743,7007740719.48155,7367160812.92227,7830882103.10093,8315779388.69167,8858969845.08846
GDP (constant 2015 US$),NY.GDP.MKTP.KD,Tonga,TON,297867390.399645,397019692.616479,437525514.240726,466396529.430219,481332022.49063,483872624.14682,482492576.867438,491207296.771969,486614870.548582,476257056.368298,489545312.472945,..
GDP (constant 2015 US$),NY.GDP.MKTP.KD,Trinidad and Tobago,TTO,7586145559.69973,13228122077.6646,26841141793.2143,24818295899.8941,23608962518.1707,23385751652.6468,23495134887.9587,21430194900.9331,21276595987.8665,21459842974.3266,21774542874.5018,22320911476.7121
GDP (constant 2015 US$),NY.GDP.MKTP.KD,Tunisia,TUN,17601927420.1895,27972115617.4879,45779494041.9295,46290957182.3198,47333713938.692,48567689496.9783,49320533876.2551,44893953703.8732,47020147729.5282,48314277429.7123,48403183212.3138,49184626298.0351
GDP (constant 2015 US$),NY.GDP.MKTP.KD,Turkiye,TUR,290619297801.216,413901474163.049,865460050683.656,894225044186.927,964205820086.089,997645953748.995,1010631549472.6,1028853867659.94,1150372769727.98,1212967141770.11,1274162834489.99,1316562171166.78
GDP (constant 2015 US$),NY.GDP.MKTP.KD,Turkmenistan,TKM,13145978551.505,10334005228.0022,35799714285.7143,38019296559.4106,40490550853.5767,43000964982.7593,45710025794.8484,48406917338.9257,51408146222.3962,54595451255.3951,58035050718.9991,61690926131.849
GDP (constant 2015 US$),NY.GDP.MKTP.KD,Turks and Caicos Islands,TCA,..,..,1078274000,1156461656.30247,2019043138.35929,2155382023.58255,2262756808.26439,1497558135.76773,1941275299.16352,2214745146.41684,2518855082.81725,2660838540.233
GDP (constant 2015 US$),NY.GDP.MKTP.KD,Tuvalu,TUV,21562114.2966709,29171722.9332692,36811936.0824587,38895630.5776922,39847948.4184971,40400752.5680826,45984984.3588252,44019157.5155388,44813322.9441554,45116847.7756278,46855113.8352982,..
GDP (constant 2015 US$),NY.GDP.MKTP.KD,Uganda,UGA,6498038178.89001,12220817656.1968,32387183730.1002,33935615078.9833,34998276801.8745,37204541496.6985,39600047064.28,40768765796.4748,42210585952.7826,44147216889.624,46503341915.459,49319389340.67
GDP (constant 2015 US$),NY.GDP.MKTP.KD,Ukraine,UKR,161487959613.275,69836368849.3183,91030967789.0717,93253017277.0895,95453762636.0202,98783535744.1445,101944118786.821,98118341608.386,101499127457.564,72309415409.6738,76311548883.8968,78535131747.3225
GDP (constant 2015 US$),NY.GDP.MKTP.KD,United Arab Emirates,ARE,126196728879.997,198921610821.864,381973042886.317,403584822847.176,399301267917.2,405439194566.321,410593714983.921,374899053476.789,391967404019.489,421421732891.067,439547849791.115,457093751868.536
GDP (constant 2015 US$),NY.GDP.MKTP.KD,United Kingdom,GBR,1721504098259.6,2314307169243.88,2945579890258.46,3010574705731.3,3101591068534.48,3149707010747.53,3189276748351.15,2868821517197.41,3113908148054.35,3274265196937.19,3283159739927.95,3320141995547.62
GDP (constant 2015 US$),NY.GDP.MKTP.KD,United States,USA,9737636593624.97,13650948362520,18206020741000,18537270454435.6,18992846546661.7,19556270302218.3,20061570168697.6,19627632559934.5,20816096100824.5,21339074561820,21955252291273.6,22568462768174.3
GDP (constant 2015 US$),NY.GDP.MKTP.KD,Uruguay,URY,25829737832.144,36242902749.5716,57680327998.6689,58655009160.0858,59675827116.7172,59774159517.7554,60329073609.8215,55890466349.1545,59156857853.7605,61810768801.3209,62269484309.0206,64204978531.9491
GDP (constant 2015 US$),NY.GDP.MKTP.KD,Uzbekistan,UZB,32109736981.4644,31472652298.5356,86196264755.3105,91309557164.505,95322862968.5109,100622047495.601,107444145839.577,109123866128.148,117891622986.822,124966702851.263,132828878427.532,141462755525.291
GDP (constant 2015 US$),NY.GDP.MKTP.KD,Vanuatu,VUT,390480753.00915,529362000.235808,759690180.951654,786063165.282252,820749507.202776,844553132.872594,871926684.758592,828395819.755769,815536673.766002,857832270.181912,875793075.435631,884044669.596211
GDP (constant 2015 US$),NY.GDP.MKTP.KD,"Venezuela, RB",VEN,74594665387.4323,91730367409.6068,125449241571.391,104072271054.897,87762679935.5076,70512625399.3064,51010266124.708,35707915777.1561,36049081141.1399,38933336798.9515,40491326652.4278,42637366965.0064
GDP (constant 2015 US$),NY.GDP.MKTP.KD,Viet Nam,VNM,45057981854.8071,93525828108.839,239258328381.741,255264731908.124,272980590259.187,293358610036.841,314947640805.601,323972192107.065,332245562394.77,360611028837.664,378876063686.799,405742875627.919
GDP (constant 2015 US$),NY.GDP.MKTP.KD,Virgin Islands (U.S.),VIR,..,..,3663000000,3721639274.27962,3694274279.6158,3763664087.51334,3873124066.16862,3810575506.93703,3950332443.97012,3898534418.35646,..,..
GDP (constant 2015 US$),NY.GDP.MKTP.KD,West Bank and Gaza,PSE,..,7118400000,13972400000,15211000000,15426900000,15616200000,15829000000,14037400000,15021700000,15635000000,14922700000,10959600000
GDP (constant 2015 US$),NY.GDP.MKTP.KD,"Yemen, Rep.",YEM,23918014718.5428,41498634363.6833,42444490073.8555,38465266584.2701,36514386855.1096,36789138480.0859,..,..,..,..,..,..
GDP (constant 2015 US$),NY.GDP.MKTP.KD,Zambia,ZMB,6840844039.47996,8059030210.46366,21251216798.7762,22049221308.1088,22826646593.6169,23747586257.2512,24089861649.0155,23418945736.8993,24879098747.8861,26175604214.1895,27580695690.34,28634291574.827
GDP (constant 2015 US$),NY.GDP.MKTP.KD,Zimbabwe,ZWE,16762655222.26,19947126180.8466,19973250000,20124206636.7998,21076969325.2127,22132908952.043,20731353612.1651,19110793941.1996,20729099176.6536,22001713149.7897,23178995952.2035,23582865676.3961
,,,,,,,,,,,,,,,
,,,,,,,,,,,,,,,
,,,,,,,,,,,,,,,
Data from database: World Development Indicators,,,,,,,,,,,,,,,
Last Updated: 01/28/2026,,,,,,,,,,,,,,,
